[
    {
      "id": 1,
      "name": "girl paint",
      "price": 10.99,
      "imgUrl": "/src/assets/d1.jpg"
    },
    {
      "id": 2,
      "name": "simple paint",
      "price": 1199,
      "imgUrl": "/src/assets/d2.jpg"
    },
    {
      "id": 3,
      "name": "buldings paint",
      "price": 1.05,
      "imgUrl": "/src/assets/d3.jpg"
    },
    {
      "id": 4,
      "name": "natural paint",
      "price": 14000,
      "imgUrl": "/src/assets/d4.jpg"
    },
    {
        "id": 5,
        "name": "natural paint",
        "price": 14000,
        "imgUrl": "/src/assets/d5.jpg"
      },
      {
        "id": 6,
        "name": "natural paint",
        "price": 14000,
        "imgUrl": "/src/assets/d6.jpg"
      },
      {
        "id": 7,
        "name": "girl children",
        "price": 140,
        "imgUrl": "/src/assets/d7.jpg"
      },
      {
        "id": 8,
        "name": "drawing8",
        "price": 15,
        "imgUrl": "/src/assets/d8.jpg"
      },
      {
        "id": 9,
        "name": "drawing9",
        "price": 20,
        "imgUrl": "/src/assets/d9.jpg"
      }

  ]